rhoc,R,M,Lambda,I,Mb
224000000000000.0,18.300039000000552,0.27754959186037614,3838839.2507503857,0.23983080585150454,0.2894486385115961
239758793969849.25,18.24003920000055,0.2793258489525102,3702896.071545126,0.24119940111110683,0.29134760394032705
255517587939698.5,18.180039400000545,0.2804712301125293,3606734.1261170753,0.2417931134433935,0.29257411366986485
271276381909547.75,18.150039500000542,0.28117910875423135,3537372.419034659,0.24186459158763132,0.29333411886462474
287035175879397.0,18.12003960000054,0.2815716648750155,3486681.486279382,0.24156984575327933,0.2937576788173938
302793969849246.25,18.09003970000054,0.2817325107626278,3449914.6424741456,0.24102476976654402,0.29393387943511745
