rhoc,R,M,Lambda,I,Mb
224000000000000.0,30.000000000001425,0.11891048417504432,176238398.60503823,0.07038832191489733,0.1219388450683934
239758793969849.25,30.000000000001425,0.11937820463378893,169072506.210468,0.07031566035328587,0.12243339941498184
255517587939698.5,30.000000000001425,0.11966897440714432,164571101.32376578,0.07023616231379343,0.12274151082659357
271276381909547.75,30.000000000001425,0.11981066564388564,162265339.43207812,0.0701721786360399,0.12289204019139284
287035175879397.0,30.000000000001425,0.11989043633471307,160798281.14455125,0.0701091438738624,0.12297729696350991
302793969849246.25,30.000000000001425,0.1199355731053165,159807408.92524087,0.07004389446314024,0.12302609201385811
318552763819095.5,30.000000000001425,0.11995104630417479,159252191.79439968,0.06998711956239262,0.12304339425533105
